2025-03-15 19:02:31,"Military planning for Ukraine peace to begin, says Starmer"
2025-03-15 19:02:31,Analysis: UK prime minister's ad hoc alliance could still struggle to materialise
2025-03-15 19:02:31,"Netflix's $320m sci-fi blockbuster is 'soulless', 'dumb' and a hit"
2025-03-15 19:02:31,Watch: How two astronauts were left in space for nine months
2025-03-15 19:02:31,"South African ambassador 'no longer welcome' in US, Rubio says"
2025-03-15 19:02:31,Analysis: UK prime minister's ad hoc alliance could still struggle to materialise
2025-03-15 19:02:31,"More tornadoes hit parts of US, as extreme weather death toll rises to 19"
2025-03-15 19:02:31,"Aid workers killed in Israeli air strike in Gaza, charity tells BBC"
2025-03-15 19:02:31,Democratic Party infighting exposes struggle to unite against Trump
2025-03-15 19:02:31,"Netflix's $320m sci-fi blockbuster is 'soulless', 'dumb' and a hit"
2025-03-15 19:02:31,US rejects 'impractical' Hamas demands as Gaza truce hangs in balance
2025-03-15 19:02:31,"'For holding a wombat, thousands threatened my life'"
2025-03-15 19:02:31,'Do you have communist links?' US sends 36 questions to UN aid groups
2025-03-15 19:02:31,"Islamic State leader in Iraq and Syria killed, US says"
2025-03-15 19:02:31,Six Nations: Nervy finish for Ireland despite Sheehan hat-trick
2025-03-15 19:02:31,More to explore
2025-03-15 19:02:31,It's not a competition! The collaborative video game loved by players
2025-03-15 19:02:31,Deluge of complaints over 'too fat' models - but brand says it doesn't glamorise obesity
2025-03-15 19:02:31,'Terrifying and exhausting' - passengers describe escape from burning plane
2025-03-15 19:02:31,'Tortured and terrified' - BBC witnesses the battle for Khartoum
2025-03-15 19:02:31,Classic 90s film Clueless gets musical makeover
2025-03-15 19:02:31,Deluge of complaints over 'too fat' models - but brand says it doesn't glamorise obesity
2025-03-15 19:02:31,Do Ukrainians believe a ceasefire with Russia will work?
2025-03-15 19:02:31,Ovens and bone fragments - BBC visits Mexican cartel 'extermination' site
2025-03-15 19:02:31,'Terrifying and exhausting' - passengers describe escape from burning plane
2025-03-15 19:02:31,Also in news
2025-03-15 19:02:31,North Sea collision ship captain appears in court
2025-03-15 19:02:31,US government shutdown averted as Senate passes spending bill
2025-03-15 19:02:31,Sean 'Diddy' Combs pleads not guilty to updated indictment
2025-03-15 19:02:31,"Germany is back, says Merz after historic spending deal"
2025-03-15 19:02:31,Mark Carney sworn in as first new Canadian prime minister in nine years
2025-03-15 19:02:31,US government shutdown averted as Senate passes spending bill
2025-03-15 19:02:31,Musk says first mission to Mars will launch next year
2025-03-15 19:02:31,US arrests second pro-Palestinian Columbia University protester
2025-03-15 19:02:31,Sean 'Diddy' Combs pleads not guilty to updated indictment
2025-03-15 19:02:31,Most watched
2025-03-15 19:02:31,'I'll tell you how that came about...' Rubio and Carney on 51st state comments
2025-03-15 19:02:31,Watch: Moment JD Vance gets booed at Kennedy Center
2025-03-15 19:02:31,The row over baby wombat grabbed by an influencer… in 60 seconds
2025-03-15 19:02:31,Watch: Mark Carney's first hours as Canada's new prime minister
2025-03-15 19:02:31,Watch: People in Moscow react to US ceasefire proposals
2025-03-15 19:02:31,Most read
2025-03-15 19:02:31,"US had productive talks with Putin over Ukraine war, Trump says"
2025-03-15 19:02:31,Musk's Tesla raises concern over Trump tariffs
2025-03-15 19:02:31,"'For holding a wombat, thousands threatened my life'"
2025-03-15 19:02:31,Prospect of Ukraine ceasefire still uncertain despite Trump's optimism
2025-03-15 19:02:31,Iran using drones and apps to enforce women's dress code
2025-03-15 19:02:31,'Terrifying and exhausting' - passengers describe escape from burning plane
2025-03-15 19:02:31,Greenland's politicians unite against Trump
2025-03-15 19:02:31,"Germany is back, says Merz after historic spending deal"
2025-03-15 19:02:31,Ship captain charged over North Sea collision
2025-03-15 19:02:31,Mark Carney sworn in as first new Canadian prime minister in nine years
2025-03-15 19:02:31,Sport
2025-03-15 19:02:31,Premier League: Brentford come from behind to lead at Bournemouth
2025-03-15 19:02:31,Six Nations: Winless Wales face title-chasing England - live text
2025-03-15 19:02:31,The Players - McIlroy and Fleetwood chase leaders at Sawgrass
2025-03-15 19:02:31,Man City held by Brighton despite leading twice
2025-03-15 19:02:31,Ireland's title hopes end despite bonus-point win in Italy
2025-03-15 19:02:31,Six Nations: Winless Wales face title-chasing England - live text
2025-03-15 19:02:31,England rout Wales to keep title dream alive
2025-03-15 19:02:31,La Liga: Mbappe double puts Real Madrid ahead at Villarreal
2025-03-15 19:02:31,The Players - McIlroy and Fleetwood chase leaders at Sawgrass
2025-03-15 19:02:31,US Politics Unspun
2025-03-15 19:02:31,Follow BBC on:
2025-03-21 18:04:18,Heathrow to resume some flights and hopes to run full operation tomorrow
2025-03-21 18:04:18,Sudan army recaptures presidential palace after two years of war
2025-03-21 18:04:18,Israel orders army to 'seize additional territories' in Gaza
2025-03-21 18:04:18,Iceland children's minister quits after admitting having baby with teen 30 years ago
2025-03-21 18:04:18,Prince William sends strong message from tank near Russian border
2025-03-21 18:04:18,Sudan army recaptures presidential palace after two years of war
2025-03-21 18:04:18,Ex-Abercrombie boss now facing abuse claims from 40 men
2025-03-21 18:04:18,Elon Musk meets with defence officials in Pentagon visit
2025-03-21 18:04:18,Tate brothers say they have left US to return to Romania
2025-03-21 18:04:18,Israel orders army to 'seize additional territories' in Gaza
2025-03-21 18:04:18,Erdogan condemns Turkey protests as dozens arrested
2025-03-21 18:04:18,Trump's move to dismantle education department was a conservative dream for decades
2025-03-21 18:04:18,"Gang used social media to lure and attack gay people, Austrian police say"
2025-03-21 18:04:18,Namibia swears in first female president
2025-03-21 18:04:18,'Chubby filter' pulled from TikTok after user backlash
2025-03-21 18:04:18,Heathrow Airport closure
2025-03-21 18:04:18,What we know so far
2025-03-21 18:04:18,'We don't know what's happening next - it's chaos'
2025-03-21 18:04:18,Watch: Acrid smoke and empty runways - scene at the airport
2025-03-21 18:04:18,What are my rights if my flight is cancelled?
2025-03-21 18:04:18,Watch: Eyewitness videos show towering flames at substation
2025-03-21 18:04:18,More to explore
2025-03-21 18:04:18,'We will rescue anyone': BBC accompanies Syria's White Helmets after deadly attacks
2025-03-21 18:04:18,'They're playing politics with my little boy': What Department of Education cuts mean for one mum
2025-03-21 18:04:18,The gravedigger 'too busy to sleep' as Khartoum fighting rages
2025-03-21 18:04:18,Weekly quiz: What did a US influencer do that caused outrage in Australia?
2025-03-21 18:04:18,Russia's next move? The countries trying to Putin-proof themselves
2025-03-21 18:04:18,'They're playing politics with my little boy': What Department of Education cuts mean for one mum
2025-03-21 18:04:18,Russia's next move? The countries trying to Putin-proof themselves
2025-03-21 18:04:18,Also in news
2025-03-21 18:04:18,"Ukraine's 'chaotic' withdrawal from Russia, in its soldiers' words"
2025-03-21 18:04:18,Uber offers 20 hours of free childcare in UK in bid to lure female drivers
2025-03-21 18:04:18,Hamilton 'gobsmacked' to take first pole position for Ferrari
2025-03-21 18:04:18,Bowlers cheer India's saliva ban lift for shining cricket balls
2025-03-21 18:04:18,Trump uses emergency powers to boost mineral production
2025-03-21 18:04:18,Uber offers 20 hours of free childcare in UK in bid to lure female drivers
2025-03-21 18:04:18,North Sea cargo ship crash captain to stand trial next year
2025-03-21 18:04:18,K-pop group ordered to stop independent activities in record label dispute
2025-03-21 18:04:18,Hamilton 'gobsmacked' to take first pole position for Ferrari
2025-03-21 18:04:18,Most watched
2025-03-21 18:04:18,Watch: Eyewitness videos show towering flames at substation
2025-03-21 18:04:18,Watch: The scene at Heathrow as it loses all power and closes down
2025-03-21 18:04:18,BBC Verify: Why was the North Macedonia nightclub fire so deadly?
2025-03-21 18:04:18,Blizzard pounds US Midwest with heavy snow and whiteout conditions
2025-03-21 18:04:18,'Unbelievable': Lord Sugar hits out at President Trump
2025-03-21 18:04:18,Most read
2025-03-21 18:04:18,Tate brothers say they have left US to return to Romania
2025-03-21 18:04:18,Prince William sends strong message from tank near Russian border
2025-03-21 18:04:18,Elon Musk meets with defence officials in Pentagon visit
2025-03-21 18:04:18,Counter-terror police investigating Heathrow fire
2025-03-21 18:04:18,Iceland minister who had a child with a teenager 30 years ago quits
2025-03-21 18:04:18,Heathrow airport closed : What we know so far
2025-03-21 18:04:18,Why Elon Musk's Grok is kicking up a storm in India
2025-03-21 18:04:18,Trump's move to dismantle education department was a conservative dream for decades
2025-03-21 18:04:18,'Chubby filter' pulled from TikTok after user backlash
2025-03-21 18:04:18,Sudan army recaptures presidential palace after two years of war
2025-03-21 18:04:18,Sport
2025-03-21 18:04:18,Hamilton 'gobsmacked' by Ferrari speed in China after sprint pole
2025-03-21 18:04:18,'Be proud of Premier League culture' - how will Tuchel's England play?
2025-03-21 18:04:18,Rashford & Jones to start? Best of England v Albania starting XI debate
2025-03-21 18:04:18,Celebration wasn't to mock 'idol' Ronaldo - Hojlund
2025-03-21 18:04:18,Groundbreaking but controversial - new IOC president Coventry
2025-03-21 18:04:18,'Be proud of Premier League culture' - how will Tuchel's England play?
2025-03-21 18:04:18,What next for England after Lewis' sacking?
2025-03-21 18:04:18,'Sky isn't the limit' - GB's Azu wins world indoor 60m gold for first global title
2025-03-21 18:04:18,Rashford & Jones to start? Best of England v Albania starting XI debate
2025-03-21 18:04:18,US Politics Unspun
2025-03-21 18:04:18,Follow BBC on:
2025-11-03 12:37:15,Israeli military's ex-top lawyer arrested as scandal over video leak deepens
2025-11-03 12:37:15,At least 20 dead after magnitude-6.3 earthquake hits Afghanistan
2025-11-03 12:37:15,Clooney says Harris replacing Biden was a 'mistake'
2025-11-03 12:37:15,"China intimidated UK university to ditch human rights research, documents show"
2025-11-03 12:37:15,Debunking false claim about viral picture of dancer at Trump's Halloween party
2025-11-03 12:37:15,At least 20 dead after magnitude-6.3 earthquake hits Afghanistan
2025-11-03 12:37:15,Trump says he doubts US will go to war with Venezuela
2025-11-03 12:37:15,"I'm the luckiest man alive, but also suffering, says Air India crash sole survivor"
2025-11-03 12:37:15,Man in court after being charged with attempted murder over UK train stabbing and separate attack
2025-11-03 12:37:15,Clooney says Harris replacing Biden was a 'mistake'
2025-11-03 12:37:15,Valencia leader resigns over handling of deadly floods in 2024
2025-11-03 12:37:15,Pregnant British teen to be freed from Georgia jail after drug smuggling charge
2025-11-03 12:37:15,Justin Baldoni case against Blake Lively dismissed after deadline lapse
2025-11-03 12:37:15,Australian mushroom murderer appeals against convictions
2025-11-03 12:37:15,Will AI mean the end of call centres?
2025-11-03 12:37:15,More to explore
2025-11-03 12:37:15,'Anger and revenge': Anthony Hopkins on how being bullied at school spurred him on
2025-11-03 12:37:15,Five moments that defined India's women's World Cup glory
2025-11-03 12:37:15,I built this 'AI aunt' for women after family tragedy in South Africa
2025-11-03 12:37:15,Trump tariffs head to Supreme Court in case eagerly awaited around the world
2025-11-03 12:37:15,Why brushing teeth twice a day is not always best
2025-11-03 12:37:15,Five moments that defined India's women's World Cup glory
2025-11-03 12:37:15,Why brushing teeth twice a day is not always best
2025-11-03 12:37:15,Also in news
2025-11-03 12:37:15,How climate change is worsening Pakistan's deadly floods
2025-11-03 12:37:15,"'No idea who he is,' says Trump after pardoning crypto tycoon"
2025-11-03 12:37:15,"Trump's planned tests are 'not nuclear explosions', US energy secretary says"
2025-11-03 12:37:15,Popular Malaysian rapper charged with drug use
2025-11-03 12:37:15,Netherlands to return stolen ancient sculpture to Egypt
2025-11-03 12:37:15,"'No idea who he is,' says Trump after pardoning crypto tycoon"
2025-11-03 12:37:15,Israel confirms Hamas returned bodies of three soldiers held hostage
2025-11-03 12:37:15,Bali halts Chinese construction of glass lift on cliffside
2025-11-03 12:37:15,"Trump's planned tests are 'not nuclear explosions', US energy secretary says"
2025-11-03 12:37:15,Most watched
2025-11-03 12:37:15,"'He ran right towards us... we decided to hide in a taxi', says eyewitness"
2025-11-03 12:37:15,Tracking an executioner in Sudan across social media
2025-11-03 12:37:15,Hurricane Melissa: Aerial view of 'ground zero' destruction
2025-11-03 12:37:15,Watch: Train where attacks took place leaves station
2025-11-03 12:37:15,Watch: Heidi Klum slithers into Halloween as Medusa
2025-11-03 12:37:15,Most read
2025-11-03 12:37:15,Israeli military's ex-top lawyer arrested as scandal over video leak deepens
2025-11-03 12:37:15,Clooney says Harris replacing Biden was a 'mistake'
2025-11-03 12:37:15,"I'm the luckiest man alive, but also suffering, says Air India crash sole survivor"
2025-11-03 12:37:15,Bella Culley freed from Georgian prison
2025-11-03 12:37:15,What do we know about man charged over train stabbings?
2025-11-03 12:37:15,Public barred as Tanzanian president sworn in
2025-11-03 12:37:15,"'No idea who he is,' says Trump after pardoning crypto tycoon"
2025-11-03 12:37:15,Why brushing teeth twice a day is not always best
2025-11-03 12:37:15,Trump says he doubts US will go to war with Venezuela
2025-11-03 12:37:15,Trump tells military to prepare for 'action' against Islamist militants in Nigeria
2025-11-03 12:37:15,Sport
2025-11-03 12:37:15,Can Man City or Liverpool challenge Arsenal for the title? Your views & analysis
2025-11-03 12:37:15,'I worry about unity' - Southgate on St George's flag
2025-11-03 12:37:15,Schmidt 'disappointed' by England's 'gamesmanship'
2025-11-03 12:37:15,Van Dijk rejects Rooney's 'lazy criticism'
2025-11-03 12:37:15,How India finally embraced World Cup fever
2025-11-03 12:37:15,'I worry about unity' - Southgate on St George's flag
2025-11-03 12:37:15,Will Alexander-Arnold show what Liverpool are missing on return?
2025-11-03 12:37:15,Ex-manager O'Neil in talks over Wolves return
2025-11-03 12:37:15,Schmidt 'disappointed' by England's 'gamesmanship'
2025-11-03 12:37:15,Sign up to News Briefing
